DROP SEQUENCE short_table_sequence;

Create SEQUENCE short_table_sequence
 START WITH 10000
 NOCACHE
 NOCYCLE;
 
--
DELETE FROM PARAMS;
DELETE FROM PJ_ATTRIBUTES;
DELETE FROM FIN_OBJECTS;
DELETE FROM PJ_USERS;
DELETE FROM FIN_OBJECT_TYPES;
DELETE FROM TRANSACTIONS;


--Объектные типы
INSERT INTO FIN_OBJECT_TYPES
 (FIN_OBJECT_TYPE_ID, FIN_OBJECT_TYPE_NAME)
   VALUES(300, 'Покупка');
INSERT INTO FIN_OBJECT_TYPES
 (FIN_OBJECT_TYPE_ID, FIN_OBJECT_TYPE_NAME)
   VALUES(302, 'Категория');
   
--Аттрибуты
INSERT INTO PJ_ATTRIBUTES(ATTRIBUTE_ID, ATTRIBUTE_NAME, FIN_OBJECT_TYPE_ID)
 VALUES(short_table_sequence.nextval, 'Стоимость', 300);
INSERT INTO PJ_ATTRIBUTES(ATTRIBUTE_ID, ATTRIBUTE_NAME, FIN_OBJECT_TYPE_ID)
 VALUES(short_table_sequence.nextval, 'Дата совершения операции', 300);
INSERT INTO PJ_ATTRIBUTES(ATTRIBUTE_ID, ATTRIBUTE_NAME, FIN_OBJECT_TYPE_ID)
 VALUES(short_table_sequence.nextval, 'Коэфицент приоритета', 302);
INSERT INTO PJ_ATTRIBUTES(ATTRIBUTE_ID, ATTRIBUTE_NAME, FIN_OBJECT_TYPE_ID)
 VALUES(short_table_sequence.nextval, 'Минимальный % от расхода', 302);
INSERT INTO PJ_ATTRIBUTES(ATTRIBUTE_ID, ATTRIBUTE_NAME, FIN_OBJECT_TYPE_ID)
 VALUES(short_table_sequence.nextval, 'Максимальный % от расхода', 302);

--Пользователи

/*
 *пользователи с пустыми паролями(хеш=соль=0):
 */
INSERT INTO PJ_USERS
 VALUES(short_table_sequence.nextval, 'neadmin', 0, 'Jack D.', 'admin', 0);
INSERT INTO PJ_USERS
 VALUES(short_table_sequence.nextval,'nedoadmin', 0, 'Вася Пупкин', 'user', 0);
INSERT INTO PJ_USERS
 VALUES(short_table_sequence.nextval,'person1', 0, 'Оля', 'user', 0);
INSERT INTO PJ_USERS
 VALUES(short_table_sequence.nextval,'person2', 0, 'Женя Крутых', 'user', 0);




--Объекты
INSERT INTO FIN_OBJECTS
 (FIN_OBJECT_ID, PARENT_ID, OBJECT_NAME, FIN_OBJECT_TYPE_ID, USER_ID)
   VALUES(400, NULL, 'Продукты', 302, 10005);
INSERT INTO FIN_OBJECTS
 (FIN_OBJECT_ID, PARENT_ID, OBJECT_NAME, FIN_OBJECT_TYPE_ID, USER_ID)
  VALUES(401, NULL, 'Транспорт', 302, 10005);
INSERT INTO FIN_OBJECTS
 (FIN_OBJECT_ID, PARENT_ID, OBJECT_NAME, FIN_OBJECT_TYPE_ID, USER_ID)
  VALUES(402, NULL, 'Коммунальные услуги', 302, 10005);
INSERT INTO FIN_OBJECTS
 (FIN_OBJECT_ID, PARENT_ID, OBJECT_NAME, FIN_OBJECT_TYPE_ID, USER_ID)
  VALUES(403, 400, 'Кефир', 300, 10005);
INSERT INTO FIN_OBJECTS
 (FIN_OBJECT_ID, PARENT_ID, OBJECT_NAME, FIN_OBJECT_TYPE_ID, USER_ID)
  VALUES(404, 400, 'Уксус 10 литров', 300, 10005);
  
  
--Значения(параметры) атрибутов объектов
INSERT INTO PARAMS(FIN_OBJECT_ID, ATTRIBUTE_ID, VALUE1, VALUE_DATE)
 VALUES(403, 10000, '42', null);
INSERT INTO PARAMS(FIN_OBJECT_ID, ATTRIBUTE_ID, VALUE1, VALUE_DATE)
 VALUES(403, 10001, null, SYSDATE);
INSERT INTO PARAMS(FIN_OBJECT_ID, ATTRIBUTE_ID, VALUE1, VALUE_DATE)
 VALUES(400, 10002, '0.82', null);
INSERT INTO PARAMS(FIN_OBJECT_ID, ATTRIBUTE_ID, VALUE1, VALUE_DATE)
 VALUES(400, 10003, '35', null);
INSERT INTO PARAMS(FIN_OBJECT_ID, ATTRIBUTE_ID, VALUE1, VALUE_DATE)
 VALUES(400, 10004, '70', null);
INSERT INTO PARAMS(FIN_OBJECT_ID, ATTRIBUTE_ID, VALUE1, VALUE_DATE)
 VALUES(401, 10002, '0.34', null);
INSERT INTO PARAMS(FIN_OBJECT_ID, ATTRIBUTE_ID, VALUE1, VALUE_DATE)
 VALUES(401, 10003, '15', null);
INSERT INTO PARAMS(FIN_OBJECT_ID, ATTRIBUTE_ID, VALUE1, VALUE_DATE)
 VALUES(401, 10004, '40', null);
INSERT INTO PARAMS(FIN_OBJECT_ID, ATTRIBUTE_ID, VALUE1, VALUE_DATE)
 VALUES(402, 10002, '0.6', null);
INSERT INTO PARAMS(FIN_OBJECT_ID, ATTRIBUTE_ID, VALUE1, VALUE_DATE)
 VALUES(402, 10003, '20', null);
INSERT INTO PARAMS(FIN_OBJECT_ID, ATTRIBUTE_ID, VALUE1, VALUE_DATE)
 VALUES(402, 10004, '30', null);