DROP SEQUENCE short_table_sequence;

Create SEQUENCE short_table_sequence
 START WITH 10000
 NOCACHE
 NOCYCLE;
 
--
DELETE FROM PARAMS;
DELETE FROM PJ_ATTRIBUTES;
DELETE FROM FIN_OBJECTS;
DELETE FROM PJ_USERS;
DELETE FROM FIN_OBJECT_TYPES;
DELETE FROM TRANSACTIONS;


--Объектные типы
INSERT INTO FIN_OBJECT_TYPES
 (FIN_OBJECT_TYPE_ID, FIN_OBJECT_TYPE_NAME)
   VALUES(300, 'Покупка');
INSERT INTO FIN_OBJECT_TYPES
 (FIN_OBJECT_TYPE_ID, FIN_OBJECT_TYPE_NAME)
   VALUES(302, 'Категория');
   
--Аттрибуты
INSERT INTO PJ_ATTRIBUTES(ATTRIBUTE_ID, ATTRIBUTE_NAME, FIN_OBJECT_TYPE_ID)
 VALUES(short_table_sequence.nextval, 'Стоимость', 300);
INSERT INTO PJ_ATTRIBUTES(ATTRIBUTE_ID, ATTRIBUTE_NAME, FIN_OBJECT_TYPE_ID)
 VALUES(short_table_sequence.nextval, 'Дата совершения операции', 300);
INSERT INTO PJ_ATTRIBUTES(ATTRIBUTE_ID, ATTRIBUTE_NAME, FIN_OBJECT_TYPE_ID)
 VALUES(short_table_sequence.nextval, 'Коэфицент приоритета', 302);
INSERT INTO PJ_ATTRIBUTES(ATTRIBUTE_ID, ATTRIBUTE_NAME, FIN_OBJECT_TYPE_ID)
 VALUES(short_table_sequence.nextval, 'Минимальный % от расхода', 302);
INSERT INTO PJ_ATTRIBUTES(ATTRIBUTE_ID, ATTRIBUTE_NAME, FIN_OBJECT_TYPE_ID)
 VALUES(short_table_sequence.nextval, 'Максимальный % от расхода', 302);
 
--Пользователи

--password: 123QWEasd
INSERT INTO PJ_USERS
 VALUES(short_table_sequence.nextval, 'neadmin', -1005244443, 'Jack D.', 'admin', 1291088537);
/*
 *пользователи с пустыми паролями(хеш=соль=0):
 */
INSERT INTO PJ_USERS
 VALUES(short_table_sequence.nextval,'nedoadmin', 0, 'Вася Пупкин', 'user', 0);
INSERT INTO PJ_USERS
 VALUES(short_table_sequence.nextval,'person1', 0, 'Оля', 'user', 0);
INSERT INTO PJ_USERS
 VALUES(short_table_sequence.nextval,'person2', 0, 'Женя Крутых', 'user', 0);




--Объекты
INSERT INTO FIN_OBJECTS
 (FIN_OBJECT_ID, PARENT_ID, OBJECT_NAME, FIN_OBJECT_TYPE_ID, USER_ID)
   VALUES(400, NULL, 'Продукты', 302, 10005);
INSERT INTO FIN_OBJECTS
 (FIN_OBJECT_ID, PARENT_ID, OBJECT_NAME, FIN_OBJECT_TYPE_ID, USER_ID)
  VALUES(401, NULL, 'Транспорт', 302, 10005);
INSERT INTO FIN_OBJECTS
 (FIN_OBJECT_ID, PARENT_ID, OBJECT_NAME, FIN_OBJECT_TYPE_ID, USER_ID)
  VALUES(402, NULL, 'Коммунальные услуги', 302, 10005);
INSERT INTO FIN_OBJECTS
 (FIN_OBJECT_ID, PARENT_ID, OBJECT_NAME, FIN_OBJECT_TYPE_ID, USER_ID)
  VALUES(403, 400, 'Кефир', 300, 10005);
INSERT INTO FIN_OBJECTS
 (FIN_OBJECT_ID, PARENT_ID, OBJECT_NAME, FIN_OBJECT_TYPE_ID, USER_ID)
  VALUES(404, 400, 'Уксус 10 литров', 300, 10005);
INSERT INTO FIN_OBJECTS
 (FIN_OBJECT_ID, PARENT_ID, OBJECT_NAME, FIN_OBJECT_TYPE_ID, USER_ID)
  VALUES(405, 400, 'Батон', 300, 10005);
INSERT INTO FIN_OBJECTS
 (FIN_OBJECT_ID, PARENT_ID, OBJECT_NAME, FIN_OBJECT_TYPE_ID, USER_ID)
  VALUES(406, 400, 'Хлеб нарезной', 300, 10005);
INSERT INTO FIN_OBJECTS
 (FIN_OBJECT_ID, PARENT_ID, OBJECT_NAME, FIN_OBJECT_TYPE_ID, USER_ID)
  VALUES(407, 400, 'Семечки подсолнуха', 300, 10005);
INSERT INTO FIN_OBJECTS
 (FIN_OBJECT_ID, PARENT_ID, OBJECT_NAME, FIN_OBJECT_TYPE_ID, USER_ID)
  VALUES(408, 400, 'Семечки тыквы', 300, 10005);
INSERT INTO FIN_OBJECTS
 (FIN_OBJECT_ID, PARENT_ID, OBJECT_NAME, FIN_OBJECT_TYPE_ID, USER_ID)
  VALUES(409, 400, 'Молоко', 300, 10005);
INSERT INTO FIN_OBJECTS
 (FIN_OBJECT_ID, PARENT_ID, OBJECT_NAME, FIN_OBJECT_TYPE_ID, USER_ID)
  VALUES(410, 400, 'KitKat', 300, 10005);
INSERT INTO FIN_OBJECTS
 (FIN_OBJECT_ID, PARENT_ID, OBJECT_NAME, FIN_OBJECT_TYPE_ID, USER_ID)
  VALUES(411, 400, 'KitKat большой', 300, 10005);
INSERT INTO FIN_OBJECTS
 (FIN_OBJECT_ID, PARENT_ID, OBJECT_NAME, FIN_OBJECT_TYPE_ID, USER_ID)
  VALUES(412, 401, 'Проезд в транспорте', 300, 10005);
INSERT INTO FIN_OBJECTS
 (FIN_OBJECT_ID, PARENT_ID, OBJECT_NAME, FIN_OBJECT_TYPE_ID, USER_ID)
  VALUES(413, 401, 'Проезд в транспорте', 300, 10005);
INSERT INTO FIN_OBJECTS
 (FIN_OBJECT_ID, PARENT_ID, OBJECT_NAME, FIN_OBJECT_TYPE_ID, USER_ID)
  VALUES(414, 401, 'Проезд в транспорте', 300, 10005);
INSERT INTO FIN_OBJECTS
 (FIN_OBJECT_ID, PARENT_ID, OBJECT_NAME, FIN_OBJECT_TYPE_ID, USER_ID)
  VALUES(415, 401, 'Проезд в транспорте', 300, 10005);
INSERT INTO FIN_OBJECTS
 (FIN_OBJECT_ID, PARENT_ID, OBJECT_NAME, FIN_OBJECT_TYPE_ID, USER_ID)
  VALUES(416, 401, 'Проезд в транспорте', 300, 10005);
INSERT INTO FIN_OBJECTS
 (FIN_OBJECT_ID, PARENT_ID, OBJECT_NAME, FIN_OBJECT_TYPE_ID, USER_ID)
  VALUES(417, 401, 'Проезд в транспорте', 300, 10005);
INSERT INTO FIN_OBJECTS
 (FIN_OBJECT_ID, PARENT_ID, OBJECT_NAME, FIN_OBJECT_TYPE_ID, USER_ID)
  VALUES(418, 401, 'Проезд в транспорте', 300, 10005);
INSERT INTO FIN_OBJECTS
 (FIN_OBJECT_ID, PARENT_ID, OBJECT_NAME, FIN_OBJECT_TYPE_ID, USER_ID)
  VALUES(419, 401, 'Проезд в транспорте', 300, 10005);
INSERT INTO FIN_OBJECTS
 (FIN_OBJECT_ID, PARENT_ID, OBJECT_NAME, FIN_OBJECT_TYPE_ID, USER_ID)
  VALUES(420, 401, 'Проезд в транспорте', 300, 10005);
INSERT INTO FIN_OBJECTS
 (FIN_OBJECT_ID, PARENT_ID, OBJECT_NAME, FIN_OBJECT_TYPE_ID, USER_ID)
  VALUES(421, 401, 'Проезд в транспорте', 300, 10005);
INSERT INTO FIN_OBJECTS
 (FIN_OBJECT_ID, PARENT_ID, OBJECT_NAME, FIN_OBJECT_TYPE_ID, USER_ID)
  VALUES(422, 401, 'Проезд в транспорте', 300, 10005);
INSERT INTO FIN_OBJECTS
 (FIN_OBJECT_ID, PARENT_ID, OBJECT_NAME, FIN_OBJECT_TYPE_ID, USER_ID)
  VALUES(423, 401, 'Проезд в транспорте', 300, 10005);
INSERT INTO FIN_OBJECTS
 (FIN_OBJECT_ID, PARENT_ID, OBJECT_NAME, FIN_OBJECT_TYPE_ID, USER_ID)
  VALUES(424, 401, 'Проезд в транспорте', 300, 10005);
INSERT INTO FIN_OBJECTS
 (FIN_OBJECT_ID, PARENT_ID, OBJECT_NAME, FIN_OBJECT_TYPE_ID, USER_ID)
  VALUES(425, 401, 'Проезд в транспорте', 300, 10005);
  
--Значения(параметры) атрибутов объектов
INSERT INTO PARAMS(FIN_OBJECT_ID, ATTRIBUTE_ID, VALUE1, VALUE_DATE)
 VALUES(403, 10000, '42', null);
INSERT INTO PARAMS(FIN_OBJECT_ID, ATTRIBUTE_ID, VALUE1, VALUE_DATE)
 VALUES(403, 10001, null, SYSDATE);
INSERT INTO PARAMS(FIN_OBJECT_ID, ATTRIBUTE_ID, VALUE1, VALUE_DATE)
 VALUES(400, 10002, '0.82', null);
INSERT INTO PARAMS(FIN_OBJECT_ID, ATTRIBUTE_ID, VALUE1, VALUE_DATE)
 VALUES(400, 10003, '35', null);
INSERT INTO PARAMS(FIN_OBJECT_ID, ATTRIBUTE_ID, VALUE1, VALUE_DATE)
 VALUES(400, 10004, '70', null);
INSERT INTO PARAMS(FIN_OBJECT_ID, ATTRIBUTE_ID, VALUE1, VALUE_DATE)
 VALUES(401, 10002, '0.34', null);
INSERT INTO PARAMS(FIN_OBJECT_ID, ATTRIBUTE_ID, VALUE1, VALUE_DATE)
 VALUES(401, 10003, '15', null);
INSERT INTO PARAMS(FIN_OBJECT_ID, ATTRIBUTE_ID, VALUE1, VALUE_DATE)
 VALUES(401, 10004, '40', null);
INSERT INTO PARAMS(FIN_OBJECT_ID, ATTRIBUTE_ID, VALUE1, VALUE_DATE)
 VALUES(402, 10002, '0.6', null);
INSERT INTO PARAMS(FIN_OBJECT_ID, ATTRIBUTE_ID, VALUE1, VALUE_DATE)
 VALUES(402, 10003, '20', null);
INSERT INTO PARAMS(FIN_OBJECT_ID, ATTRIBUTE_ID, VALUE1, VALUE_DATE)
 VALUES(402, 10004, '30', null);
INSERT INTO PARAMS(FIN_OBJECT_ID, ATTRIBUTE_ID, VALUE1, VALUE_DATE)
 VALUES(404, 10000, '3000', null);
INSERT INTO PARAMS(FIN_OBJECT_ID, ATTRIBUTE_ID, VALUE1, VALUE_DATE)
 VALUES(404, 10001, null, SYSDATE);
INSERT INTO PARAMS(FIN_OBJECT_ID, ATTRIBUTE_ID, VALUE1, VALUE_DATE)
 VALUES(405, 10000, '420', null);
INSERT INTO PARAMS(FIN_OBJECT_ID, ATTRIBUTE_ID, VALUE1, VALUE_DATE)
 VALUES(405, 10001, null, SYSDATE);
INSERT INTO PARAMS(FIN_OBJECT_ID, ATTRIBUTE_ID, VALUE1, VALUE_DATE)
 VALUES(406, 10000, '170', null);
INSERT INTO PARAMS(FIN_OBJECT_ID, ATTRIBUTE_ID, VALUE1, VALUE_DATE)
 VALUES(406, 10001, null, SYSDATE);
INSERT INTO PARAMS(FIN_OBJECT_ID, ATTRIBUTE_ID, VALUE1, VALUE_DATE)
 VALUES(407, 10000, '20', null);
INSERT INTO PARAMS(FIN_OBJECT_ID, ATTRIBUTE_ID, VALUE1, VALUE_DATE)
 VALUES(407, 10001, null, SYSDATE);
INSERT INTO PARAMS(FIN_OBJECT_ID, ATTRIBUTE_ID, VALUE1, VALUE_DATE)
 VALUES(408, 10000, '500', null);
INSERT INTO PARAMS(FIN_OBJECT_ID, ATTRIBUTE_ID, VALUE1, VALUE_DATE)
 VALUES(408, 10001, null, SYSDATE);
INSERT INTO PARAMS(FIN_OBJECT_ID, ATTRIBUTE_ID, VALUE1, VALUE_DATE)
 VALUES(409, 10000, '41', null);
INSERT INTO PARAMS(FIN_OBJECT_ID, ATTRIBUTE_ID, VALUE1, VALUE_DATE)
 VALUES(409, 10001, null, SYSDATE);
INSERT INTO PARAMS(FIN_OBJECT_ID, ATTRIBUTE_ID, VALUE1, VALUE_DATE)
 VALUES(410, 10000, '55', null);
INSERT INTO PARAMS(FIN_OBJECT_ID, ATTRIBUTE_ID, VALUE1, VALUE_DATE)
 VALUES(410, 10001, null, SYSDATE);
INSERT INTO PARAMS(FIN_OBJECT_ID, ATTRIBUTE_ID, VALUE1, VALUE_DATE)
 VALUES(411, 10000, '500', null);
INSERT INTO PARAMS(FIN_OBJECT_ID, ATTRIBUTE_ID, VALUE1, VALUE_DATE)
 VALUES(411, 10001, null, SYSDATE);
INSERT INTO PARAMS(FIN_OBJECT_ID, ATTRIBUTE_ID, VALUE1, VALUE_DATE)
 VALUES(412, 10000, '15', null);
INSERT INTO PARAMS(FIN_OBJECT_ID, ATTRIBUTE_ID, VALUE1, VALUE_DATE)
 VALUES(412, 10001, null, SYSDATE);
INSERT INTO PARAMS(FIN_OBJECT_ID, ATTRIBUTE_ID, VALUE1, VALUE_DATE)
 VALUES(413, 10000, '15', null);
INSERT INTO PARAMS(FIN_OBJECT_ID, ATTRIBUTE_ID, VALUE1, VALUE_DATE)
 VALUES(413, 10001, null, SYSDATE);
INSERT INTO PARAMS(FIN_OBJECT_ID, ATTRIBUTE_ID, VALUE1, VALUE_DATE)
 VALUES(414, 10000, '15', null);
INSERT INTO PARAMS(FIN_OBJECT_ID, ATTRIBUTE_ID, VALUE1, VALUE_DATE)
 VALUES(414, 10001, null, SYSDATE);
INSERT INTO PARAMS(FIN_OBJECT_ID, ATTRIBUTE_ID, VALUE1, VALUE_DATE)
 VALUES(415, 10000, '15', null);
INSERT INTO PARAMS(FIN_OBJECT_ID, ATTRIBUTE_ID, VALUE1, VALUE_DATE)
 VALUES(415, 10001, null, SYSDATE);
INSERT INTO PARAMS(FIN_OBJECT_ID, ATTRIBUTE_ID, VALUE1, VALUE_DATE)
 VALUES(416, 10000, '15', null);
INSERT INTO PARAMS(FIN_OBJECT_ID, ATTRIBUTE_ID, VALUE1, VALUE_DATE)
 VALUES(416, 10001, null, SYSDATE);
INSERT INTO PARAMS(FIN_OBJECT_ID, ATTRIBUTE_ID, VALUE1, VALUE_DATE)
 VALUES(417, 10000, '15', null);
INSERT INTO PARAMS(FIN_OBJECT_ID, ATTRIBUTE_ID, VALUE1, VALUE_DATE)
 VALUES(417, 10001, null, SYSDATE);
INSERT INTO PARAMS(FIN_OBJECT_ID, ATTRIBUTE_ID, VALUE1, VALUE_DATE)
 VALUES(418, 10000, '15', null);
INSERT INTO PARAMS(FIN_OBJECT_ID, ATTRIBUTE_ID, VALUE1, VALUE_DATE)
 VALUES(418, 10001, null, SYSDATE);
INSERT INTO PARAMS(FIN_OBJECT_ID, ATTRIBUTE_ID, VALUE1, VALUE_DATE)
 VALUES(419, 10000, '15', null);
INSERT INTO PARAMS(FIN_OBJECT_ID, ATTRIBUTE_ID, VALUE1, VALUE_DATE)
 VALUES(419, 10001, null, SYSDATE);
INSERT INTO PARAMS(FIN_OBJECT_ID, ATTRIBUTE_ID, VALUE1, VALUE_DATE)
 VALUES(420, 10000, '15', null);
INSERT INTO PARAMS(FIN_OBJECT_ID, ATTRIBUTE_ID, VALUE1, VALUE_DATE)
 VALUES(420, 10001, null, SYSDATE);
INSERT INTO PARAMS(FIN_OBJECT_ID, ATTRIBUTE_ID, VALUE1, VALUE_DATE)
 VALUES(421, 10000, '15', null);
INSERT INTO PARAMS(FIN_OBJECT_ID, ATTRIBUTE_ID, VALUE1, VALUE_DATE)
 VALUES(421, 10001, null, SYSDATE);
INSERT INTO PARAMS(FIN_OBJECT_ID, ATTRIBUTE_ID, VALUE1, VALUE_DATE)
 VALUES(422, 10000, '15', null);
INSERT INTO PARAMS(FIN_OBJECT_ID, ATTRIBUTE_ID, VALUE1, VALUE_DATE)
 VALUES(422, 10001, null, SYSDATE);
INSERT INTO PARAMS(FIN_OBJECT_ID, ATTRIBUTE_ID, VALUE1, VALUE_DATE)
 VALUES(423, 10000, '15', null);
INSERT INTO PARAMS(FIN_OBJECT_ID, ATTRIBUTE_ID, VALUE1, VALUE_DATE)
 VALUES(423, 10001, null, SYSDATE);
INSERT INTO PARAMS(FIN_OBJECT_ID, ATTRIBUTE_ID, VALUE1, VALUE_DATE)
 VALUES(424, 10000, '15', null);
INSERT INTO PARAMS(FIN_OBJECT_ID, ATTRIBUTE_ID, VALUE1, VALUE_DATE)
 VALUES(424, 10001, null, SYSDATE);
INSERT INTO PARAMS(FIN_OBJECT_ID, ATTRIBUTE_ID, VALUE1, VALUE_DATE)
 VALUES(425, 10000, '15', null);
INSERT INTO PARAMS(FIN_OBJECT_ID, ATTRIBUTE_ID, VALUE1, VALUE_DATE)
 VALUES(425, 10001, null, SYSDATE);
 
 
 
 /*
  *add parent fin_object income
  */
/*fin_object_type*/  
INSERT INTO FIN_OBJECT_TYPES(FIN_OBJECT_TYPE_ID, FIN_OBJECT_TYPE_NAME)
 VALUES(320, 'Доходы');
/*without attr*/
/*fin_object*/
INSERT INTO FIN_OBJECTS
(FIN_OBJECT_ID, OBJECT_NAME, PARENT_ID, FIN_OBJECT_TYPE_ID, USER_ID)
 VALUES(510, 'Доходы', NULL, 320, 10005);
 
 /*
  *add income "зарплата"
  */
INSERT INTO FIN_OBJECT_TYPES(FIN_OBJECT_TYPE_ID, FIN_OBJECT_TYPE_NAME)
 VALUES(321, 'Ежемесячное начисление');
INSERT INTO PJ_ATTRIBUTES(ATTRIBUTE_ID, ATTRIBUTE_NAME, FIN_OBJECT_TYPE_ID)
 VALUES(710, 'Поступление', 321);
INSERT INTO PJ_ATTRIBUTES(ATTRIBUTE_ID, ATTRIBUTE_NAME, FIN_OBJECT_TYPE_ID)
 VALUES(711, 'Дата последнего начисления', 321);
INSERT INTO FIN_OBJECTS
(FIN_OBJECT_ID, OBJECT_NAME, PARENT_ID, FIN_OBJECT_TYPE_ID, USER_ID)
 VALUES(511, 'Моя зарплата', 510, 321, 10005);
INSERT INTO PARAMS(FIN_OBJECT_ID, ATTRIBUTE_ID, VALUE1, VALUE_DATE)
 VALUES(511, 710, '20000', NULL);
INSERT INTO PARAMS(FIN_OBJECT_ID, ATTRIBUTE_ID, VALUE1, VALUE_DATE)
 VALUES(511, 710, NULL, SYSDATE);
/*
 *add income "репетиторство"
 */
INSERT INTO FIN_OBJECT_TYPES(FIN_OBJECT_TYPE_ID, FIN_OBJECT_TYPE_NAME)
 VALUES(322, 'Ежемесячное начисление');
INSERT INTO PJ_ATTRIBUTES(ATTRIBUTE_ID, ATTRIBUTE_NAME, FIN_OBJECT_TYPE_ID)
 VALUES(713, 'Поступление', 322);
INSERT INTO PJ_ATTRIBUTES(ATTRIBUTE_ID, ATTRIBUTE_NAME, FIN_OBJECT_TYPE_ID)
 VALUES(714, 'Дата последнего начисления', 322);
INSERT INTO FIN_OBJECTS
(FIN_OBJECT_ID, OBJECT_NAME, PARENT_ID, FIN_OBJECT_TYPE_ID, USER_ID)
 VALUES(512, 'Репетиторсво по биологии', 510, 322, 10005);
INSERT INTO PARAMS(FIN_OBJECT_ID, ATTRIBUTE_ID, VALUE1, VALUE_DATE)
 VALUES(512, 710, '20000', NULL);
INSERT INTO PARAMS(FIN_OBJECT_ID, ATTRIBUTE_ID, VALUE1, VALUE_DATE)
 VALUES(512, 710, NULL, SYSDATE);